index, data_1, data_2, data_3, data_4, data_5, data_6, data_7, data_8, data_9
0,CABLE 번역해주세요,CABLE 번역해주세요,CABLE 번역해주세요,CABLE 번역해주세요,CABLE 번역해주세요,CABLE 번역해주세요,CABLE 번역해주세요,CABLE 번역해주세요,CABLE 번역해주세요
1,CABLE 번역해주세요,CABLE 번역해주세요,CABLE 번역해주세요,CABLE 번역해주세요,CABLE 번역해주세요,CABLE 번역해주세요,CABLE 번역해주세요,CABLE 번역해주세요,CABLE 번역해주세요
2,CABLE 번역해주세요,CABLE 번역해주세요,CABLE 번역해주세요,CABLE 번역해주세요,CABLE 번역해주세요,CABLE 번역해주세요,CABLE 번역해주세요,CABLE 번역해주세요,CABLE 번역해주세요
3,CABLE 번역해주세요,CABLE 번역해주세요,CABLE 번역해주세요,CABLE 번역해주세요,CABLE 번역해주세요,CABLE 번역해주세요,CABLE 번역해주세요,CABLE 번역해주세요,CABLE 번역해주세요
4,CABLE 번역해주세요,CABLE 번역해주세요,CABLE 번역해주세요,CABLE 번역해주세요,CABLE 번역해주세요,CABLE 번역해주세요,CABLE 번역해주세요,CABLE 번역해주세요,CABLE 번역해주세요
5,CABLE 번역해주세요,CABLE 번역해주세요,CABLE 번역해주세요,CABLE 번역해주세요,CABLE 번역해주세요,CABLE 번역해주세요,CABLE 번역해주세요,CABLE 번역해주세요,CABLE 번역해주세요
6,CALBE 번역,SAMSUNG 번역,SAMSUNG 번역,SAMSUNG 번역,SAMSUNG 번역,SAMSUNG 번역,SAMSUNG 번역,SAMSUNG 번역,SAMSUNG 번역
7,CALBE 번역,SAMSUNG 번역,SAMSUNG 번역,SAMSUNG 번역,SAMSUNG 번역,SAMSUNG 번역,SAMSUNG 번역,SAMSUNG 번역,SAMSUNG 번역
